Year,Frequency of observation,Reporting type,Series,Reference area,Composite breakdown,Units,Value
2007,Annual,National,IS_RDP_PFVOL,,,NUMBER,470.7
2008,Annual,National,IS_RDP_PFVOL,,,NUMBER,504.3
2009,Annual,National,IS_RDP_PFVOL,,,NUMBER,545.7
2010,Annual,National,IS_RDP_PFVOL,,,NUMBER,532.9
2011,Annual,National,IS_RDP_PFVOL,,,NUMBER,566.6
2012,Annual,National,IS_RDP_PFVOL,,,NUMBER,603.1
2013,Annual,National,IS_RDP_PFVOL,,,NUMBER,619.0
2014,Annual,National,IS_RDP_PFVOL,,,NUMBER,638.6
2015,Annual,National,IS_RDP_PFVOL,,,NUMBER,653.1
2016,Annual,National,IS_RDP_PFVOL,,,NUMBER,682.2
2017,Annual,National,IS_RDP_PFVOL,,,NUMBER,709.9
2018,Annual,National,IS_RDP_PFVOL,,,NUMBER,731.6
2019,Annual,National,IS_RDP_PFVOL,,,NUMBER,756.6
2007,Annual,National,IS_RDP_PFVOL,,Mode of Transport: Rail,NUMBER,0.4
2008,Annual,National,IS_RDP_PFVOL,,Mode of Transport: Rail,NUMBER,0.6
2009,Annual,National,IS_RDP_PFVOL,,Mode of Transport: Rail,NUMBER,0.8
2010,Annual,National,IS_RDP_PFVOL,,Mode of Transport: Rail,NUMBER,0.7
2011,Annual,National,IS_RDP_PFVOL,,Mode of Transport: Rail,NUMBER,0.6
2012,Annual,National,IS_RDP_PFVOL,,Mode of Transport: Rail,NUMBER,0.5
2013,Annual,National,IS_RDP_PFVOL,,Mode of Transport: Rail,NUMBER,0.4
2014,Annual,National,IS_RDP_PFVOL,,Mode of Transport: Rail,NUMBER,0.3
2015,Annual,National,IS_RDP_PFVOL,,Mode of Transport: Rail,NUMBER,0.3
2016,Annual,National,IS_RDP_PFVOL,,Mode of Transport: Rail,NUMBER,0.3
2017,Annual,National,IS_RDP_PFVOL,,Mode of Transport: Rail,NUMBER,0.3
2018,Annual,National,IS_RDP_PFVOL,,Mode of Transport: Rail,NUMBER,0.3
2019,Annual,National,IS_RDP_PFVOL,,Mode of Transport: Rail,NUMBER,0.4
2007,Annual,National,IS_RDP_PFVOL,,Mode of Transport: Bus,NUMBER,436.2
2008,Annual,National,IS_RDP_PFVOL,,Mode of Transport: Bus,NUMBER,474.4
2009,Annual,National,IS_RDP_PFVOL,,Mode of Transport: Bus,NUMBER,510.5
2010,Annual,National,IS_RDP_PFVOL,,Mode of Transport: Bus,NUMBER,492.6
2011,Annual,National,IS_RDP_PFVOL,,Mode of Transport: Bus,NUMBER,524.2
2012,Annual,National,IS_RDP_PFVOL,,Mode of Transport: Bus,NUMBER,563.8
2013,Annual,National,IS_RDP_PFVOL,,Mode of Transport: Bus,NUMBER,579.5
2014,Annual,National,IS_RDP_PFVOL,,Mode of Transport: Bus,NUMBER,596.1
2015,Annual,National,IS_RDP_PFVOL,,Mode of Transport: Bus,NUMBER,604.1
2016,Annual,National,IS_RDP_PFVOL,,Mode of Transport: Bus,NUMBER,627.3
2017,Annual,National,IS_RDP_PFVOL,,Mode of Transport: Bus,NUMBER,649.7
2018,Annual,National,IS_RDP_PFVOL,,Mode of Transport: Bus,NUMBER,664.5
2019,Annual,National,IS_RDP_PFVOL,,Mode of Transport: Bus,NUMBER,682.4
2007,Annual,National,IS_RDP_PFVOL,,Mode of Transport: Trolley bus,NUMBER,24.7
2008,Annual,National,IS_RDP_PFVOL,,Mode of Transport: Trolley bus,NUMBER,17.4
2009,Annual,National,IS_RDP_PFVOL,,Mode of Transport: Trolley bus,NUMBER,21.1
2010,Annual,National,IS_RDP_PFVOL,,Mode of Transport: Trolley bus,NUMBER,24.6
2011,Annual,National,IS_RDP_PFVOL,,Mode of Transport: Trolley bus,NUMBER,23.8
2012,Annual,National,IS_RDP_PFVOL,,Mode of Transport: Trolley bus,NUMBER,19.5
2013,Annual,National,IS_RDP_PFVOL,,Mode of Transport: Trolley bus,NUMBER,19.0
2014,Annual,National,IS_RDP_PFVOL,,Mode of Transport: Trolley bus,NUMBER,20.1
2015,Annual,National,IS_RDP_PFVOL,,Mode of Transport: Trolley bus,NUMBER,23.3
2016,Annual,National,IS_RDP_PFVOL,,Mode of Transport: Trolley bus,NUMBER,25.9
2017,Annual,National,IS_RDP_PFVOL,,Mode of Transport: Trolley bus,NUMBER,29.3
2018,Annual,National,IS_RDP_PFVOL,,Mode of Transport: Trolley bus,NUMBER,33.1
2019,Annual,National,IS_RDP_PFVOL,,Mode of Transport: Trolley bus,NUMBER,36.3
2007,Annual,National,IS_RDP_PFVOL,,Mode of Transport: Taxi,NUMBER,9.1
2008,Annual,National,IS_RDP_PFVOL,,Mode of Transport: Taxi,NUMBER,11.5
2009,Annual,National,IS_RDP_PFVOL,,Mode of Transport: Taxi,NUMBER,12.9
2010,Annual,National,IS_RDP_PFVOL,,Mode of Transport: Taxi,NUMBER,14.5
2011,Annual,National,IS_RDP_PFVOL,,Mode of Transport: Taxi,NUMBER,17.3
2012,Annual,National,IS_RDP_PFVOL,,Mode of Transport: Taxi,NUMBER,18.5
2013,Annual,National,IS_RDP_PFVOL,,Mode of Transport: Taxi,NUMBER,19.1
2014,Annual,National,IS_RDP_PFVOL,,Mode of Transport: Taxi,NUMBER,20.9
2015,Annual,National,IS_RDP_PFVOL,,Mode of Transport: Taxi,NUMBER,24.2
2016,Annual,National,IS_RDP_PFVOL,,Mode of Transport: Taxi,NUMBER,27.6
2017,Annual,National,IS_RDP_PFVOL,,Mode of Transport: Taxi,NUMBER,29.1
2018,Annual,National,IS_RDP_PFVOL,,Mode of Transport: Taxi,NUMBER,32.4
2019,Annual,National,IS_RDP_PFVOL,,Mode of Transport: Taxi,NUMBER,36.4
2007,Annual,National,IS_RDP_PFVOL,,Mode of Transport: Air,NUMBER,0.3
2008,Annual,National,IS_RDP_PFVOL,,Mode of Transport: Air,NUMBER,0.4
2009,Annual,National,IS_RDP_PFVOL,,Mode of Transport: Air,NUMBER,0.4
2010,Annual,National,IS_RDP_PFVOL,,Mode of Transport: Air,NUMBER,0.5
2011,Annual,National,IS_RDP_PFVOL,,Mode of Transport: Air,NUMBER,0.7
2012,Annual,National,IS_RDP_PFVOL,,Mode of Transport: Air,NUMBER,0.8
2013,Annual,National,IS_RDP_PFVOL,,Mode of Transport: Air,NUMBER,1.0
2014,Annual,National,IS_RDP_PFVOL,,Mode of Transport: Air,NUMBER,1.2
2015,Annual,National,IS_RDP_PFVOL,,Mode of Transport: Air,NUMBER,1.2
2016,Annual,National,IS_RDP_PFVOL,,Mode of Transport: Air,NUMBER,1.1
2017,Annual,National,IS_RDP_PFVOL,,Mode of Transport: Air,NUMBER,1.5
2018,Annual,National,IS_RDP_PFVOL,,Mode of Transport: Air,NUMBER,1.4
2019,Annual,National,IS_RDP_PFVOL,,Mode of Transport: Air,NUMBER,1.1
2007,Annual,National,IS_RDP_FRGVOL,,,T,30.0
2008,Annual,National,IS_RDP_FRGVOL,,,T,34.3
2009,Annual,National,IS_RDP_FRGVOL,,,T,36.3
2010,Annual,National,IS_RDP_FRGVOL,,,T,36.9
2011,Annual,National,IS_RDP_FRGVOL,,,T,37.7
2012,Annual,National,IS_RDP_FRGVOL,,,T,39.8
2013,Annual,National,IS_RDP_FRGVOL,,,T,41.0
2014,Annual,National,IS_RDP_FRGVOL,,,T,28.9
2015,Annual,National,IS_RDP_FRGVOL,,,T,29.7
2016,Annual,National,IS_RDP_FRGVOL,,,T,31.2
2017,Annual,National,IS_RDP_FRGVOL,,,T,31.9
2018,Annual,National,IS_RDP_FRGVOL,,,T,33.0
2019,Annual,National,IS_RDP_FRGVOL,,,T,34.2
2007,Annual,National,IS_RDP_FRGVOL,,Mode of Transport: Rail,T,2.3
2008,Annual,National,IS_RDP_FRGVOL,,Mode of Transport: Rail,T,1.8
2009,Annual,National,IS_RDP_FRGVOL,,Mode of Transport: Rail,T,1.0
2010,Annual,National,IS_RDP_FRGVOL,,Mode of Transport: Rail,T,1.0
2011,Annual,National,IS_RDP_FRGVOL,,Mode of Transport: Rail,T,1.0
2012,Annual,National,IS_RDP_FRGVOL,,Mode of Transport: Rail,T,1.1
2013,Annual,National,IS_RDP_FRGVOL,,Mode of Transport: Rail,T,1.4
2014,Annual,National,IS_RDP_FRGVOL,,Mode of Transport: Rail,T,1.5
2015,Annual,National,IS_RDP_FRGVOL,,Mode of Transport: Rail,T,1.3
2016,Annual,National,IS_RDP_FRGVOL,,Mode of Transport: Rail,T,1.7
2017,Annual,National,IS_RDP_FRGVOL,,Mode of Transport: Rail,T,1.9
2018,Annual,National,IS_RDP_FRGVOL,,Mode of Transport: Rail,T,2.3
2019,Annual,National,IS_RDP_FRGVOL,,Mode of Transport: Rail,T,2.2
2007,Annual,National,IS_RDP_FRGVOL,,Mode of Transport: Bus,T,27.1
2008,Annual,National,IS_RDP_FRGVOL,,Mode of Transport: Bus,T,31.9
2009,Annual,National,IS_RDP_FRGVOL,,Mode of Transport: Bus,T,35.0
2010,Annual,National,IS_RDP_FRGVOL,,Mode of Transport: Bus,T,35.6
2011,Annual,National,IS_RDP_FRGVOL,,Mode of Transport: Bus,T,36.4
2012,Annual,National,IS_RDP_FRGVOL,,Mode of Transport: Bus,T,38.4
2013,Annual,National,IS_RDP_FRGVOL,,Mode of Transport: Bus,T,39.4
2014,Annual,National,IS_RDP_FRGVOL,,Mode of Transport: Bus,T,27.2
2015,Annual,National,IS_RDP_FRGVOL,,Mode of Transport: Bus,T,28.2
2016,Annual,National,IS_RDP_FRGVOL,,Mode of Transport: Bus,T,29.3
2017,Annual,National,IS_RDP_FRGVOL,,Mode of Transport: Bus,T,29.8
2018,Annual,National,IS_RDP_FRGVOL,,Mode of Transport: Bus,T,30.5
2019,Annual,National,IS_RDP_FRGVOL,,Mode of Transport: Bus,T,31.7
2007,Annual,National,IS_RDP_FRGVOL,,Mode of Transport: Trolley bus,T,0.6
2008,Annual,National,IS_RDP_FRGVOL,,Mode of Transport: Trolley bus,T,0.6
2009,Annual,National,IS_RDP_FRGVOL,,Mode of Transport: Trolley bus,T,0.3
2010,Annual,National,IS_RDP_FRGVOL,,Mode of Transport: Trolley bus,T,0.3
2011,Annual,National,IS_RDP_FRGVOL,,Mode of Transport: Trolley bus,T,0.3
2012,Annual,National,IS_RDP_FRGVOL,,Mode of Transport: Trolley bus,T,0.3
2013,Annual,National,IS_RDP_FRGVOL,,Mode of Transport: Trolley bus,T,0.2
2014,Annual,National,IS_RDP_FRGVOL,,Mode of Transport: Trolley bus,T,0.2
2015,Annual,National,IS_RDP_FRGVOL,,Mode of Transport: Trolley bus,T,0.2
2016,Annual,National,IS_RDP_FRGVOL,,Mode of Transport: Trolley bus,T,0.2
2017,Annual,National,IS_RDP_FRGVOL,,Mode of Transport: Trolley bus,T,0.2
2018,Annual,National,IS_RDP_FRGVOL,,Mode of Transport: Trolley bus,T,0.3
2019,Annual,National,IS_RDP_FRGVOL,,Mode of Transport: Trolley bus,T,0.3
2007,Annual,National,IS_RDP_FRGVOL,,Mode of Transport: Taxi,T,26.5
2008,Annual,National,IS_RDP_FRGVOL,,Mode of Transport: Taxi,T,42.6
2009,Annual,National,IS_RDP_FRGVOL,,Mode of Transport: Taxi,T,23.4
2010,Annual,National,IS_RDP_FRGVOL,,Mode of Transport: Taxi,T,16.0
2011,Annual,National,IS_RDP_FRGVOL,,Mode of Transport: Taxi,T,10.8
2012,Annual,National,IS_RDP_FRGVOL,,Mode of Transport: Taxi,T,11.6
2013,Annual,National,IS_RDP_FRGVOL,,Mode of Transport: Taxi,T,10.8
2014,Annual,National,IS_RDP_FRGVOL,,Mode of Transport: Taxi,T,15.0
2015,Annual,National,IS_RDP_FRGVOL,,Mode of Transport: Taxi,T,12.2
2016,Annual,National,IS_RDP_FRGVOL,,Mode of Transport: Taxi,T,2.6
2007,Annual,National,IS_RDP_FRGVOL,,Mode of Transport: Air,T,0.6
2008,Annual,National,IS_RDP_FRGVOL,,Mode of Transport: Air,T,0.9
2009,Annual,National,IS_RDP_FRGVOL,,Mode of Transport: Air,T,0.9
2010,Annual,National,IS_RDP_FRGVOL,,Mode of Transport: Air,T,1.0
2011,Annual,National,IS_RDP_FRGVOL,,Mode of Transport: Air,T,1.3
2012,Annual,National,IS_RDP_FRGVOL,,Mode of Transport: Air,T,0.7
2013,Annual,National,IS_RDP_FRGVOL,,Mode of Transport: Air,T,0.5
2014,Annual,National,IS_RDP_FRGVOL,,Mode of Transport: Air,T,0.2
2015,Annual,National,IS_RDP_FRGVOL,,Mode of Transport: Air,T,0.2
2016,Annual,National,IS_RDP_FRGVOL,,Mode of Transport: Air,T,0.1
2017,Annual,National,IS_RDP_FRGVOL,,Mode of Transport: Air,T,0.3
2018,Annual,National,IS_RDP_FRGVOL,,Mode of Transport: Air,T,1.0
2019,Annual,National,IS_RDP_FRGVOL,,Mode of Transport: Air,T,0.0
