Year,Частота наблюдений,Тип отчетности,Ряды ЦУР,Территория,Пол,Возраст,Единица измерения,Value
2007,Годовая,Национальный,"Доля населения страны, живущего за национальной чертой бедности",Киргизия,,,Процент,35.0
2008,Годовая,Национальный,"Доля населения страны, живущего за национальной чертой бедности",Киргизия,,,Процент,31.7
2009,Годовая,Национальный,"Доля населения страны, живущего за национальной чертой бедности",Киргизия,,,Процент,31.7
2010,Годовая,Национальный,"Доля населения страны, живущего за национальной чертой бедности",Киргизия,,,Процент,33.7
2011,Годовая,Национальный,"Доля населения страны, живущего за национальной чертой бедности",Киргизия,,,Процент,36.8
2012,Годовая,Национальный,"Доля населения страны, живущего за национальной чертой бедности",Киргизия,,,Процент,38.0
2013,Годовая,Национальный,"Доля населения страны, живущего за национальной чертой бедности",Киргизия,,,Процент,37.0
2014,Годовая,Национальный,"Доля населения страны, живущего за национальной чертой бедности",Киргизия,,,Процент,30.6
2015,Годовая,Национальный,"Доля населения страны, живущего за национальной чертой бедности",Киргизия,,,Процент,32.1
2016,Годовая,Национальный,"Доля населения страны, живущего за национальной чертой бедности",Киргизия,,,Процент,25.4
2017,Годовая,Национальный,"Доля населения страны, живущего за национальной чертой бедности",Киргизия,,,Процент,25.6
2018,Годовая,Национальный,"Доля населения страны, живущего за национальной чертой бедности",Киргизия,,,Процент,22.4
2019,Годовая,Национальный,"Доля населения страны, живущего за национальной чертой бедности",Киргизия,,,Процент,20.1
2007,Годовая,Национальный,"Доля населения страны, живущего за национальной чертой бедности",Киргизия,Женщины,,Процент,34.7
2008,Годовая,Национальный,"Доля населения страны, живущего за национальной чертой бедности",Киргизия,Женщины,,Процент,31.4
2009,Годовая,Национальный,"Доля населения страны, живущего за национальной чертой бедности",Киргизия,Женщины,,Процент,30.7
2010,Годовая,Национальный,"Доля населения страны, живущего за национальной чертой бедности",Киргизия,Женщины,,Процент,32.7
2011,Годовая,Национальный,"Доля населения страны, живущего за национальной чертой бедности",Киргизия,Женщины,,Процент,36.1
2012,Годовая,Национальный,"Доля населения страны, живущего за национальной чертой бедности",Киргизия,Женщины,,Процент,37.2
2013,Годовая,Национальный,"Доля населения страны, живущего за национальной чертой бедности",Киргизия,Женщины,,Процент,36.5
2014,Годовая,Национальный,"Доля населения страны, живущего за национальной чертой бедности",Киргизия,Женщины,,Процент,29.7
2015,Годовая,Национальный,"Доля населения страны, живущего за национальной чертой бедности",Киргизия,Женщины,,Процент,31.5
2016,Годовая,Национальный,"Доля населения страны, живущего за национальной чертой бедности",Киргизия,Женщины,,Процент,25.0
2017,Годовая,Национальный,"Доля населения страны, живущего за национальной чертой бедности",Киргизия,Женщины,,Процент,25.0
2018,Годовая,Национальный,"Доля населения страны, живущего за национальной чертой бедности",Киргизия,Женщины,,Процент,22.5
2019,Годовая,Национальный,"Доля населения страны, живущего за национальной чертой бедности",Киргизия,Женщины,,Процент,20.1
2007,Годовая,Национальный,"Доля населения страны, живущего за национальной чертой бедности",Киргизия,Мужчины,,Процент,35.4
2008,Годовая,Национальный,"Доля населения страны, живущего за национальной чертой бедности",Киргизия,Мужчины,,Процент,32.1
2009,Годовая,Национальный,"Доля населения страны, живущего за национальной чертой бедности",Киргизия,Мужчины,,Процент,32.9
2010,Годовая,Национальный,"Доля населения страны, живущего за национальной чертой бедности",Киргизия,Мужчины,,Процент,34.8
2011,Годовая,Национальный,"Доля населения страны, живущего за национальной чертой бедности",Киргизия,Мужчины,,Процент,37.6
2012,Годовая,Национальный,"Доля населения страны, живущего за национальной чертой бедности",Киргизия,Мужчины,,Процент,39.0
2013,Годовая,Национальный,"Доля населения страны, живущего за национальной чертой бедности",Киргизия,Мужчины,,Процент,37.5
2014,Годовая,Национальный,"Доля населения страны, живущего за национальной чертой бедности",Киргизия,Мужчины,,Процент,31.5
2015,Годовая,Национальный,"Доля населения страны, живущего за национальной чертой бедности",Киргизия,Мужчины,,Процент,32.7
2016,Годовая,Национальный,"Доля населения страны, живущего за национальной чертой бедности",Киргизия,Мужчины,,Процент,25.7
2017,Годовая,Национальный,"Доля населения страны, живущего за национальной чертой бедности",Киргизия,Мужчины,,Процент,26.3
2018,Годовая,Национальный,"Доля населения страны, живущего за национальной чертой бедности",Киргизия,Мужчины,,Процент,22.2
2019,Годовая,Национальный,"Доля населения страны, живущего за национальной чертой бедности",Киргизия,Мужчины,,Процент,20.2
2013,Годовая,Национальный,"Доля населения страны, живущего за национальной чертой бедности",Киргизия,,до 17 лет,Процент,45.2
2014,Годовая,Национальный,"Доля населения страны, живущего за национальной чертой бедности",Киргизия,,до 17 лет,Процент,37.9
2015,Годовая,Национальный,"Доля населения страны, живущего за национальной чертой бедности",Киргизия,,до 17 лет,Процент,40.5
2016,Годовая,Национальный,"Доля населения страны, живущего за национальной чертой бедности",Киргизия,,до 17 лет,Процент,31.5
2017,Годовая,Национальный,"Доля населения страны, живущего за национальной чертой бедности",Киргизия,,до 17 лет,Процент,32.0
2018,Годовая,Национальный,"Доля населения страны, живущего за национальной чертой бедности",Киргизия,,до 17 лет,Процент,28.3
2019,Годовая,Национальный,"Доля населения страны, живущего за национальной чертой бедности",Киргизия,,до 17 лет,Процент,25.7
2013,Годовая,Национальный,"Доля населения страны, живущего за национальной чертой бедности",Киргизия,,от 14 до 28 лет ,Процент,35.6
2014,Годовая,Национальный,"Доля населения страны, живущего за национальной чертой бедности",Киргизия,,от 14 до 28 лет ,Процент,28.5
2015,Годовая,Национальный,"Доля населения страны, живущего за национальной чертой бедности",Киргизия,,от 14 до 28 лет ,Процент,29.0
2016,Годовая,Национальный,"Доля населения страны, живущего за национальной чертой бедности",Киргизия,,от 14 до 28 лет ,Процент,23.0
2017,Годовая,Национальный,"Доля населения страны, живущего за национальной чертой бедности",Киргизия,,от 14 до 28 лет ,Процент,22.9
2018,Годовая,Национальный,"Доля населения страны, живущего за национальной чертой бедности",Киргизия,,от 14 до 28 лет ,Процент,20.9
2019,Годовая,Национальный,"Доля населения страны, живущего за национальной чертой бедности",Киргизия,,от 14 до 28 лет ,Процент,16.2
2013,Годовая,Национальный,"Доля населения страны, живущего за национальной чертой бедности",Киргизия,,"от 16 до 62 лет (население трудоспособного возраста: женщины 16-57 лет, мужчины 16-62 лет)",Процент,33.3
2014,Годовая,Национальный,"Доля населения страны, живущего за национальной чертой бедности",Киргизия,,"от 16 до 62 лет (население трудоспособного возраста: женщины 16-57 лет, мужчины 16-62 лет)",Процент,27.0
2015,Годовая,Национальный,"Доля населения страны, живущего за национальной чертой бедности",Киргизия,,"от 16 до 62 лет (население трудоспособного возраста: женщины 16-57 лет, мужчины 16-62 лет)",Процент,27.9
2016,Годовая,Национальный,"Доля населения страны, живущего за национальной чертой бедности",Киргизия,,"от 16 до 62 лет (население трудоспособного возраста: женщины 16-57 лет, мужчины 16-62 лет)",Процент,21.8
2017,Годовая,Национальный,"Доля населения страны, живущего за национальной чертой бедности",Киргизия,,"от 16 до 62 лет (население трудоспособного возраста: женщины 16-57 лет, мужчины 16-62 лет)",Процент,22.0
2018,Годовая,Национальный,"Доля населения страны, живущего за национальной чертой бедности",Киргизия,,"от 16 до 62 лет (население трудоспособного возраста: женщины 16-57 лет, мужчины 16-62 лет)",Процент,19.3
2019,Годовая,Национальный,"Доля населения страны, живущего за национальной чертой бедности",Киргизия,,"от 16 до 62 лет (население трудоспособного возраста: женщины 16-57 лет, мужчины 16-62 лет)",Процент,17.1
2013,Годовая,Национальный,"Доля населения страны, живущего за национальной чертой бедности",Киргизия,,"58 лет и старше (население старше струдоспособного возраста: женщины 58 лет и старше, мужчины 63 лет и старше)",Процент,25.2
2014,Годовая,Национальный,"Доля населения страны, живущего за национальной чертой бедности",Киргизия,,"58 лет и старше (население старше струдоспособного возраста: женщины 58 лет и старше, мужчины 63 лет и старше)",Процент,21.3
2015,Годовая,Национальный,"Доля населения страны, живущего за национальной чертой бедности",Киргизия,,"58 лет и старше (население старше струдоспособного возраста: женщины 58 лет и старше, мужчины 63 лет и старше)",Процент,21.8
2016,Годовая,Национальный,"Доля населения страны, живущего за национальной чертой бедности",Киргизия,,"58 лет и старше (население старше струдоспособного возраста: женщины 58 лет и старше, мужчины 63 лет и старше)",Процент,19.9
2017,Годовая,Национальный,"Доля населения страны, живущего за национальной чертой бедности",Киргизия,,"58 лет и старше (население старше струдоспособного возраста: женщины 58 лет и старше, мужчины 63 лет и старше)",Процент,18.9
2018,Годовая,Национальный,"Доля населения страны, живущего за национальной чертой бедности",Киргизия,,"58 лет и старше (население старше струдоспособного возраста: женщины 58 лет и старше, мужчины 63 лет и старше)",Процент,14.8
2019,Годовая,Национальный,"Доля населения страны, живущего за национальной чертой бедности",Киргизия,,"58 лет и старше (население старше струдоспособного возраста: женщины 58 лет и старше, мужчины 63 лет и старше)",Процент,13.3
2007,Годовая,Национальный,"Доля населения страны, живущего за национальной чертой бедности",Баткенская область,,,Процент,40.4
2008,Годовая,Национальный,"Доля населения страны, живущего за национальной чертой бедности",Баткенская область,,,Процент,20.7
2009,Годовая,Национальный,"Доля населения страны, живущего за национальной чертой бедности",Баткенская область,,,Процент,31.5
2010,Годовая,Национальный,"Доля населения страны, живущего за национальной чертой бедности",Баткенская область,,,Процент,33.6
2011,Годовая,Национальный,"Доля населения страны, живущего за национальной чертой бедности",Баткенская область,,,Процент,35.6
2012,Годовая,Национальный,"Доля населения страны, живущего за национальной чертой бедности",Баткенская область,,,Процент,34.2
2013,Годовая,Национальный,"Доля населения страны, живущего за национальной чертой бедности",Баткенская область,,,Процент,53.9
2014,Годовая,Национальный,"Доля населения страны, живущего за национальной чертой бедности",Баткенская область,,,Процент,40.7
2015,Годовая,Национальный,"Доля населения страны, живущего за национальной чертой бедности",Баткенская область,,,Процент,41.2
2016,Годовая,Национальный,"Доля населения страны, живущего за национальной чертой бедности",Баткенская область,,,Процент,37.0
2017,Годовая,Национальный,"Доля населения страны, живущего за национальной чертой бедности",Баткенская область,,,Процент,40.5
2018,Годовая,Национальный,"Доля населения страны, живущего за национальной чертой бедности",Баткенская область,,,Процент,33.8
2019,Годовая,Национальный,"Доля населения страны, живущего за национальной чертой бедности",Баткенская область,,,Процент,32.6
2007,Годовая,Национальный,"Доля населения страны, живущего за национальной чертой бедности",Баткенская область,Женщины,,Процент,41.3
2008,Годовая,Национальный,"Доля населения страны, живущего за национальной чертой бедности",Баткенская область,Женщины,,Процент,22.4
2009,Годовая,Национальный,"Доля населения страны, живущего за национальной чертой бедности",Баткенская область,Женщины,,Процент,31.3
2010,Годовая,Национальный,"Доля населения страны, живущего за национальной чертой бедности",Баткенская область,Женщины,,Процент,31.9
2011,Годовая,Национальный,"Доля населения страны, живущего за национальной чертой бедности",Баткенская область,Женщины,,Процент,34.2
2012,Годовая,Национальный,"Доля населения страны, живущего за национальной чертой бедности",Баткенская область,Женщины,,Процент,34.6
2013,Годовая,Национальный,"Доля населения страны, живущего за национальной чертой бедности",Баткенская область,Женщины,,Процент,53.6
2014,Годовая,Национальный,"Доля населения страны, живущего за национальной чертой бедности",Баткенская область,Женщины,,Процент,39.0
2015,Годовая,Национальный,"Доля населения страны, живущего за национальной чертой бедности",Баткенская область,Женщины,,Процент,40.9
2016,Годовая,Национальный,"Доля населения страны, живущего за национальной чертой бедности",Баткенская область,Женщины,,Процент,36.1
2017,Годовая,Национальный,"Доля населения страны, живущего за национальной чертой бедности",Баткенская область,Женщины,,Процент,39.6
2018,Годовая,Национальный,"Доля населения страны, живущего за национальной чертой бедности",Баткенская область,Женщины,,Процент,33.7
2019,Годовая,Национальный,"Доля населения страны, живущего за национальной чертой бедности",Баткенская область,Женщины,,Процент,32.4
2007,Годовая,Национальный,"Доля населения страны, живущего за национальной чертой бедности",Баткенская область,Мужчины,,Процент,39.4
2008,Годовая,Национальный,"Доля населения страны, живущего за национальной чертой бедности",Баткенская область,Мужчины,,Процент,18.8
2009,Годовая,Национальный,"Доля населения страны, живущего за национальной чертой бедности",Баткенская область,Мужчины,,Процент,31.7
2010,Годовая,Национальный,"Доля населения страны, живущего за национальной чертой бедности",Баткенская область,Мужчины,,Процент,35.6
2011,Годовая,Национальный,"Доля населения страны, живущего за национальной чертой бедности",Баткенская область,Мужчины,,Процент,37.3
2012,Годовая,Национальный,"Доля населения страны, живущего за национальной чертой бедности",Баткенская область,Мужчины,,Процент,33.8
2013,Годовая,Национальный,"Доля населения страны, живущего за национальной чертой бедности",Баткенская область,Мужчины,,Процент,54.1
2014,Годовая,Национальный,"Доля населения страны, живущего за национальной чертой бедности",Баткенская область,Мужчины,,Процент,42.4
2015,Годовая,Национальный,"Доля населения страны, живущего за национальной чертой бедности",Баткенская область,Мужчины,,Процент,41.4
2016,Годовая,Национальный,"Доля населения страны, живущего за национальной чертой бедности",Баткенская область,Мужчины,,Процент,38.0
2017,Годовая,Национальный,"Доля населения страны, живущего за национальной чертой бедности",Баткенская область,Мужчины,,Процент,41.5
2018,Годовая,Национальный,"Доля населения страны, живущего за национальной чертой бедности",Баткенская область,Мужчины,,Процент,33.9
2019,Годовая,Национальный,"Доля населения страны, живущего за национальной чертой бедности",Баткенская область,Мужчины,,Процент,32.8
2007,Годовая,Национальный,"Доля населения страны, живущего за национальной чертой бедности",Джалал-Абадская область,,,Процент,53.0
2008,Годовая,Национальный,"Доля населения страны, живущего за национальной чертой бедности",Джалал-Абадская область,,,Процент,40.1
2009,Годовая,Национальный,"Доля населения страны, живущего за национальной чертой бедности",Джалал-Абадская область,,,Процент,36.9
2010,Годовая,Национальный,"Доля населения страны, живущего за национальной чертой бедности",Джалал-Абадская область,,,Процент,44.7
2011,Годовая,Национальный,"Доля населения страны, живущего за национальной чертой бедности",Джалал-Абадская область,,,Процент,45.3
2012,Годовая,Национальный,"Доля населения страны, живущего за национальной чертой бедности",Джалал-Абадская область,,,Процент,55.7
2013,Годовая,Национальный,"Доля населения страны, живущего за национальной чертой бедности",Джалал-Абадская область,,,Процент,46.4
2014,Годовая,Национальный,"Доля населения страны, живущего за национальной чертой бедности",Джалал-Абадская область,,,Процент,46.4
2015,Годовая,Национальный,"Доля населения страны, живущего за национальной чертой бедности",Джалал-Абадская область,,,Процент,45.1
2016,Годовая,Национальный,"Доля населения страны, живущего за национальной чертой бедности",Джалал-Абадская область,,,Процент,32.2
2017,Годовая,Национальный,"Доля населения страны, живущего за национальной чертой бедности",Джалал-Абадская область,,,Процент,32.6
2018,Годовая,Национальный,"Доля населения страны, живущего за национальной чертой бедности",Джалал-Абадская область,,,Процент,32.2
2019,Годовая,Национальный,"Доля населения страны, живущего за национальной чертой бедности",Джалал-Абадская область,,,Процент,26.9
2007,Годовая,Национальный,"Доля населения страны, живущего за национальной чертой бедности",Джалал-Абадская область,Женщины,,Процент,51.6
2008,Годовая,Национальный,"Доля населения страны, живущего за национальной чертой бедности",Джалал-Абадская область,Женщины,,Процент,37.9
2009,Годовая,Национальный,"Доля населения страны, живущего за национальной чертой бедности",Джалал-Абадская область,Женщины,,Процент,33.5
2010,Годовая,Национальный,"Доля населения страны, живущего за национальной чертой бедности",Джалал-Абадская область,Женщины,,Процент,43.7
2011,Годовая,Национальный,"Доля населения страны, живущего за национальной чертой бедности",Джалал-Абадская область,Женщины,,Процент,43.7
2012,Годовая,Национальный,"Доля населения страны, живущего за национальной чертой бедности",Джалал-Абадская область,Женщины,,Процент,55.3
2013,Годовая,Национальный,"Доля населения страны, живущего за национальной чертой бедности",Джалал-Абадская область,Женщины,,Процент,47.4
2014,Годовая,Национальный,"Доля населения страны, живущего за национальной чертой бедности",Джалал-Абадская область,Женщины,,Процент,47.0
2015,Годовая,Национальный,"Доля населения страны, живущего за национальной чертой бедности",Джалал-Абадская область,Женщины,,Процент,45.2
2016,Годовая,Национальный,"Доля населения страны, живущего за национальной чертой бедности",Джалал-Абадская область,Женщины,,Процент,33.1
2017,Годовая,Национальный,"Доля населения страны, живущего за национальной чертой бедности",Джалал-Абадская область,Женщины,,Процент,34.0
2018,Годовая,Национальный,"Доля населения страны, живущего за национальной чертой бедности",Джалал-Абадская область,Женщины,,Процент,33.4
2019,Годовая,Национальный,"Доля населения страны, живущего за национальной чертой бедности",Джалал-Абадская область,Женщины,,Процент,27.8
2007,Годовая,Национальный,"Доля населения страны, живущего за национальной чертой бедности",Джалал-Абадская область,Мужчины,,Процент,54.6
2008,Годовая,Национальный,"Доля населения страны, живущего за национальной чертой бедности",Джалал-Абадская область,Мужчины,,Процент,42.4
2009,Годовая,Национальный,"Доля населения страны, живущего за национальной чертой бедности",Джалал-Абадская область,Мужчины,,Процент,40.5
2010,Годовая,Национальный,"Доля населения страны, живущего за национальной чертой бедности",Джалал-Абадская область,Мужчины,,Процент,45.8
2011,Годовая,Национальный,"Доля населения страны, живущего за национальной чертой бедности",Джалал-Абадская область,Мужчины,,Процент,46.9
2012,Годовая,Национальный,"Доля населения страны, живущего за национальной чертой бедности",Джалал-Абадская область,Мужчины,,Процент,56.1
2013,Годовая,Национальный,"Доля населения страны, живущего за национальной чертой бедности",Джалал-Абадская область,Мужчины,,Процент,45.5
2014,Годовая,Национальный,"Доля населения страны, живущего за национальной чертой бедности",Джалал-Абадская область,Мужчины,,Процент,45.8
2015,Годовая,Национальный,"Доля населения страны, живущего за национальной чертой бедности",Джалал-Абадская область,Мужчины,,Процент,44.9
2016,Годовая,Национальный,"Доля населения страны, живущего за национальной чертой бедности",Джалал-Абадская область,Мужчины,,Процент,31.4
2017,Годовая,Национальный,"Доля населения страны, живущего за национальной чертой бедности",Джалал-Абадская область,Мужчины,,Процент,31.1
2018,Годовая,Национальный,"Доля населения страны, живущего за национальной чертой бедности",Джалал-Абадская область,Мужчины,,Процент,30.9
2019,Годовая,Национальный,"Доля населения страны, живущего за национальной чертой бедности",Джалал-Абадская область,Мужчины,,Процент,26.0
2007,Годовая,Национальный,"Доля населения страны, живущего за национальной чертой бедности",Иссык-Кульская область,,,Процент,38.6
2008,Годовая,Национальный,"Доля населения страны, живущего за национальной чертой бедности",Иссык-Кульская область,,,Процент,52.2
2009,Годовая,Национальный,"Доля населения страны, живущего за национальной чертой бедности",Иссык-Кульская область,,,Процент,46.1
2010,Годовая,Национальный,"Доля населения страны, живущего за национальной чертой бедности",Иссык-Кульская область,,,Процент,38.0
2011,Годовая,Национальный,"Доля населения страны, живущего за национальной чертой бедности",Иссык-Кульская область,,,Процент,29.5
2012,Годовая,Национальный,"Доля населения страны, живущего за национальной чертой бедности",Иссык-Кульская область,,,Процент,28.1
2013,Годовая,Национальный,"Доля населения страны, живущего за национальной чертой бедности",Иссык-Кульская область,,,Процент,39.5
2014,Годовая,Национальный,"Доля населения страны, живущего за национальной чертой бедности",Иссык-Кульская область,,,Процент,26.0
2015,Годовая,Национальный,"Доля населения страны, живущего за национальной чертой бедности",Иссык-Кульская область,,,Процент,28.9
2016,Годовая,Национальный,"Доля населения страны, живущего за национальной чертой бедности",Иссык-Кульская область,,,Процент,24.7
2017,Годовая,Национальный,"Доля населения страны, живущего за национальной чертой бедности",Иссык-Кульская область,,,Процент,24.2
2018,Годовая,Национальный,"Доля населения страны, живущего за национальной чертой бедности",Иссык-Кульская область,,,Процент,21.5
2019,Годовая,Национальный,"Доля населения страны, живущего за национальной чертой бедности",Иссык-Кульская область,,,Процент,24.4
2007,Годовая,Национальный,"Доля населения страны, живущего за национальной чертой бедности",Иссык-Кульская область,Женщины,,Процент,38.7
2008,Годовая,Национальный,"Доля населения страны, живущего за национальной чертой бедности",Иссык-Кульская область,Женщины,,Процент,52.2
2009,Годовая,Национальный,"Доля населения страны, живущего за национальной чертой бедности",Иссык-Кульская область,Женщины,,Процент,47.9
2010,Годовая,Национальный,"Доля населения страны, живущего за национальной чертой бедности",Иссык-Кульская область,Женщины,,Процент,36.9
2011,Годовая,Национальный,"Доля населения страны, живущего за национальной чертой бедности",Иссык-Кульская область,Женщины,,Процент,31.1
2012,Годовая,Национальный,"Доля населения страны, живущего за национальной чертой бедности",Иссык-Кульская область,Женщины,,Процент,28.2
2013,Годовая,Национальный,"Доля населения страны, живущего за национальной чертой бедности",Иссык-Кульская область,Женщины,,Процент,40.4
2014,Годовая,Национальный,"Доля населения страны, живущего за национальной чертой бедности",Иссык-Кульская область,Женщины,,Процент,26.4
2015,Годовая,Национальный,"Доля населения страны, живущего за национальной чертой бедности",Иссык-Кульская область,Женщины,,Процент,29.1
2016,Годовая,Национальный,"Доля населения страны, живущего за национальной чертой бедности",Иссык-Кульская область,Женщины,,Процент,24.7
2017,Годовая,Национальный,"Доля населения страны, живущего за национальной чертой бедности",Иссык-Кульская область,Женщины,,Процент,24.3
2018,Годовая,Национальный,"Доля населения страны, живущего за национальной чертой бедности",Иссык-Кульская область,Женщины,,Процент,21.5
2019,Годовая,Национальный,"Доля населения страны, живущего за национальной чертой бедности",Иссык-Кульская область,Женщины,,Процент,25.3
2007,Годовая,Национальный,"Доля населения страны, живущего за национальной чертой бедности",Иссык-Кульская область,Мужчины,,Процент,38.5
2008,Годовая,Национальный,"Доля населения страны, живущего за национальной чертой бедности",Иссык-Кульская область,Мужчины,,Процент,52.3
2009,Годовая,Национальный,"Доля населения страны, живущего за национальной чертой бедности",Иссык-Кульская область,Мужчины,,Процент,44.5
2010,Годовая,Национальный,"Доля населения страны, живущего за национальной чертой бедности",Иссык-Кульская область,Мужчины,,Процент,39.0
2011,Годовая,Национальный,"Доля населения страны, живущего за национальной чертой бедности",Иссык-Кульская область,Мужчины,,Процент,28.1
2012,Годовая,Национальный,"Доля населения страны, живущего за национальной чертой бедности",Иссык-Кульская область,Мужчины,,Процент,28.0
2013,Годовая,Национальный,"Доля населения страны, живущего за национальной чертой бедности",Иссык-Кульская область,Мужчины,,Процент,38.5
2014,Годовая,Национальный,"Доля населения страны, живущего за национальной чертой бедности",Иссык-Кульская область,Мужчины,,Процент,25.7
2015,Годовая,Национальный,"Доля населения страны, живущего за национальной чертой бедности",Иссык-Кульская область,Мужчины,,Процент,28.7
2016,Годовая,Национальный,"Доля населения страны, живущего за национальной чертой бедности",Иссык-Кульская область,Мужчины,,Процент,24.7
2017,Годовая,Национальный,"Доля населения страны, живущего за национальной чертой бедности",Иссык-Кульская область,Мужчины,,Процент,24.1
2018,Годовая,Национальный,"Доля населения страны, живущего за национальной чертой бедности",Иссык-Кульская область,Мужчины,,Процент,21.6
2019,Годовая,Национальный,"Доля населения страны, живущего за национальной чертой бедности",Иссык-Кульская область,Мужчины,,Процент,23.6
2007,Годовая,Национальный,"Доля населения страны, живущего за национальной чертой бедности",Нарынская область,,,Процент,45.2
2008,Годовая,Национальный,"Доля населения страны, живущего за национальной чертой бедности",Нарынская область,,,Процент,42.7
2009,Годовая,Национальный,"Доля населения страны, живущего за национальной чертой бедности",Нарынская область,,,Процент,44.1
2010,Годовая,Национальный,"Доля населения страны, живущего за национальной чертой бедности",Нарынская область,,,Процент,53.5
2011,Годовая,Национальный,"Доля населения страны, живущего за национальной чертой бедности",Нарынская область,,,Процент,49.9
2012,Годовая,Национальный,"Доля населения страны, живущего за национальной чертой бедности",Нарынская область,,,Процент,39.9
2013,Годовая,Национальный,"Доля населения страны, живущего за национальной чертой бедности",Нарынская область,,,Процент,43.8
2014,Годовая,Национальный,"Доля населения страны, живущего за национальной чертой бедности",Нарынская область,,,Процент,30.6
2015,Годовая,Национальный,"Доля населения страны, живущего за национальной чертой бедности",Нарынская область,,,Процент,38.0
2016,Годовая,Национальный,"Доля населения страны, живущего за национальной чертой бедности",Нарынская область,,,Процент,37.8
2017,Годовая,Национальный,"Доля населения страны, живущего за национальной чертой бедности",Нарынская область,,,Процент,29.2
2018,Годовая,Национальный,"Доля населения страны, живущего за национальной чертой бедности",Нарынская область,,,Процент,30.6
2019,Годовая,Национальный,"Доля населения страны, живущего за национальной чертой бедности",Нарынская область,,,Процент,28.1
2007,Годовая,Национальный,"Доля населения страны, живущего за национальной чертой бедности",Нарынская область,Женщины,,Процент,46.9
2008,Годовая,Национальный,"Доля населения страны, живущего за национальной чертой бедности",Нарынская область,Женщины,,Процент,42.7
2009,Годовая,Национальный,"Доля населения страны, живущего за национальной чертой бедности",Нарынская область,Женщины,,Процент,44.8
2010,Годовая,Национальный,"Доля населения страны, живущего за национальной чертой бедности",Нарынская область,Женщины,,Процент,53.4
2011,Годовая,Национальный,"Доля населения страны, живущего за национальной чертой бедности",Нарынская область,Женщины,,Процент,48.3
2012,Годовая,Национальный,"Доля населения страны, живущего за национальной чертой бедности",Нарынская область,Женщины,,Процент,37.7
2013,Годовая,Национальный,"Доля населения страны, живущего за национальной чертой бедности",Нарынская область,Женщины,,Процент,44.8
2014,Годовая,Национальный,"Доля населения страны, живущего за национальной чертой бедности",Нарынская область,Женщины,,Процент,32.4
2015,Годовая,Национальный,"Доля населения страны, живущего за национальной чертой бедности",Нарынская область,Женщины,,Процент,39.5
2016,Годовая,Национальный,"Доля населения страны, живущего за национальной чертой бедности",Нарынская область,Женщины,,Процент,39.6
2017,Годовая,Национальный,"Доля населения страны, живущего за национальной чертой бедности",Нарынская область,Женщины,,Процент,31.2
2018,Годовая,Национальный,"Доля населения страны, живущего за национальной чертой бедности",Нарынская область,Женщины,,Процент,31.6
2019,Годовая,Национальный,"Доля населения страны, живущего за национальной чертой бедности",Нарынская область,Женщины,,Процент,29.0
2007,Годовая,Национальный,"Доля населения страны, живущего за национальной чертой бедности",Нарынская область,Мужчины,,Процент,43.7
2008,Годовая,Национальный,"Доля населения страны, живущего за национальной чертой бедности",Нарынская область,Мужчины,,Процент,42.8
2009,Годовая,Национальный,"Доля населения страны, живущего за национальной чертой бедности",Нарынская область,Мужчины,,Процент,43.5
2010,Годовая,Национальный,"Доля населения страны, живущего за национальной чертой бедности",Нарынская область,Мужчины,,Процент,53.7
2011,Годовая,Национальный,"Доля населения страны, живущего за национальной чертой бедности",Нарынская область,Мужчины,,Процент,51.7
2012,Годовая,Национальный,"Доля населения страны, живущего за национальной чертой бедности",Нарынская область,Мужчины,,Процент,42.4
2013,Годовая,Национальный,"Доля населения страны, живущего за национальной чертой бедности",Нарынская область,Мужчины,,Процент,42.7
2014,Годовая,Национальный,"Доля населения страны, живущего за национальной чертой бедности",Нарынская область,Мужчины,,Процент,28.6
2015,Годовая,Национальный,"Доля населения страны, живущего за национальной чертой бедности",Нарынская область,Мужчины,,Процент,36.4
2016,Годовая,Национальный,"Доля населения страны, живущего за национальной чертой бедности",Нарынская область,Мужчины,,Процент,35.9
2017,Годовая,Национальный,"Доля населения страны, живущего за национальной чертой бедности",Нарынская область,Мужчины,,Процент,27.1
2018,Годовая,Национальный,"Доля населения страны, живущего за национальной чертой бедности",Нарынская область,Мужчины,,Процент,29.5
2019,Годовая,Национальный,"Доля населения страны, живущего за национальной чертой бедности",Нарынская область,Мужчины,,Процент,27.2
2007,Годовая,Национальный,"Доля населения страны, живущего за национальной чертой бедности",Ошская область,,,Процент,46.6
2008,Годовая,Национальный,"Доля населения страны, живущего за национальной чертой бедности",Ошская область,,,Процент,37.5
2009,Годовая,Национальный,"Доля населения страны, живущего за национальной чертой бедности",Ошская область,,,Процент,38.3
2010,Годовая,Национальный,"Доля населения страны, живущего за национальной чертой бедности",Ошская область,,,Процент,41.9
2011,Годовая,Национальный,"Доля населения страны, живущего за национальной чертой бедности",Ошская область,,,Процент,44.7
2012,Годовая,Национальный,"Доля населения страны, живущего за национальной чертой бедности",Ошская область,,,Процент,51.4
2013,Годовая,Национальный,"Доля населения страны, живущего за национальной чертой бедности",Ошская область,,,Процент,43.4
2014,Годовая,Национальный,"Доля населения страны, живущего за национальной чертой бедности",Ошская область,,,Процент,31.7
2015,Годовая,Национальный,"Доля населения страны, живущего за национальной чертой бедности",Ошская область,,,Процент,28.9
2016,Годовая,Национальный,"Доля населения страны, живущего за национальной чертой бедности",Ошская область,,,Процент,22.0
2017,Годовая,Национальный,"Доля населения страны, живущего за национальной чертой бедности",Ошская область,,,Процент,14.3
2018,Годовая,Национальный,"Доля населения страны, живущего за национальной чертой бедности",Ошская область,,,Процент,14.8
2019,Годовая,Национальный,"Доля населения страны, живущего за национальной чертой бедности",Ошская область,,,Процент,14.0
2007,Годовая,Национальный,"Доля населения страны, живущего за национальной чертой бедности",Ошская область,Женщины,,Процент,48.7
2008,Годовая,Национальный,"Доля населения страны, живущего за национальной чертой бедности",Ошская область,Женщины,,Процент,37.9
2009,Годовая,Национальный,"Доля населения страны, живущего за национальной чертой бедности",Ошская область,Женщины,,Процент,38.3
2010,Годовая,Национальный,"Доля населения страны, живущего за национальной чертой бедности",Ошская область,Женщины,,Процент,40.6
2011,Годовая,Национальный,"Доля населения страны, живущего за национальной чертой бедности",Ошская область,Женщины,,Процент,44.2
2012,Годовая,Национальный,"Доля населения страны, живущего за национальной чертой бедности",Ошская область,Женщины,,Процент,50.6
2013,Годовая,Национальный,"Доля населения страны, живущего за национальной чертой бедности",Ошская область,Женщины,,Процент,42.7
2014,Годовая,Национальный,"Доля населения страны, живущего за национальной чертой бедности",Ошская область,Женщины,,Процент,30.5
2015,Годовая,Национальный,"Доля населения страны, живущего за национальной чертой бедности",Ошская область,Женщины,,Процент,28.4
2016,Годовая,Национальный,"Доля населения страны, живущего за национальной чертой бедности",Ошская область,Женщины,,Процент,21.8
2017,Годовая,Национальный,"Доля населения страны, живущего за национальной чертой бедности",Ошская область,Женщины,,Процент,12.9
2018,Годовая,Национальный,"Доля населения страны, живущего за национальной чертой бедности",Ошская область,Женщины,,Процент,15.3
2019,Годовая,Национальный,"Доля населения страны, живущего за национальной чертой бедности",Ошская область,Женщины,,Процент,14.1
2007,Годовая,Национальный,"Доля населения страны, живущего за национальной чертой бедности",Ошская область,Мужчины,,Процент,44.3
2008,Годовая,Национальный,"Доля населения страны, живущего за национальной чертой бедности",Ошская область,Мужчины,,Процент,36.9
2009,Годовая,Национальный,"Доля населения страны, живущего за национальной чертой бедности",Ошская область,Мужчины,,Процент,38.2
2010,Годовая,Национальный,"Доля населения страны, живущего за национальной чертой бедности",Ошская область,Мужчины,,Процент,43.2
2011,Годовая,Национальный,"Доля населения страны, живущего за национальной чертой бедности",Ошская область,Мужчины,,Процент,45.2
2012,Годовая,Национальный,"Доля населения страны, живущего за национальной чертой бедности",Ошская область,Мужчины,,Процент,52.4
2013,Годовая,Национальный,"Доля населения страны, живущего за национальной чертой бедности",Ошская область,Мужчины,,Процент,44.2
2014,Годовая,Национальный,"Доля населения страны, живущего за национальной чертой бедности",Ошская область,Мужчины,,Процент,33.1
2015,Годовая,Национальный,"Доля населения страны, живущего за национальной чертой бедности",Ошская область,Мужчины,,Процент,29.5
2016,Годовая,Национальный,"Доля населения страны, живущего за национальной чертой бедности",Ошская область,Мужчины,,Процент,22.3
2017,Годовая,Национальный,"Доля населения страны, живущего за национальной чертой бедности",Ошская область,Мужчины,,Процент,15.7
2018,Годовая,Национальный,"Доля населения страны, живущего за национальной чертой бедности",Ошская область,Мужчины,,Процент,14.3
2019,Годовая,Национальный,"Доля населения страны, живущего за национальной чертой бедности",Ошская область,Мужчины,,Процент,13.9
2007,Годовая,Национальный,"Доля населения страны, живущего за национальной чертой бедности",Таласская область,,,Процент,35.3
2008,Годовая,Национальный,"Доля населения страны, живущего за национальной чертой бедности",Таласская область,,,Процент,43.0
2009,Годовая,Национальный,"Доля населения страны, живущего за национальной чертой бедности",Таласская область,,,Процент,33.0
2010,Годовая,Национальный,"Доля населения страны, живущего за национальной чертой бедности",Таласская область,,,Процент,42.3
2011,Годовая,Национальный,"Доля населения страны, живущего за национальной чертой бедности",Таласская область,,,Процент,50.2
2012,Годовая,Национальный,"Доля населения страны, живущего за национальной чертой бедности",Таласская область,,,Процент,39.6
2013,Годовая,Национальный,"Доля населения страны, живущего за национальной чертой бедности",Таласская область,,,Процент,23.1
2014,Годовая,Национальный,"Доля населения страны, живущего за национальной чертой бедности",Таласская область,,,Процент,19.0
2015,Годовая,Национальный,"Доля населения страны, живущего за национальной чертой бедности",Таласская область,,,Процент,21.5
2016,Годовая,Национальный,"Доля населения страны, живущего за национальной чертой бедности",Таласская область,,,Процент,18.1
2017,Годовая,Национальный,"Доля населения страны, живущего за национальной чертой бедности",Таласская область,,,Процент,20.7
2018,Годовая,Национальный,"Доля населения страны, живущего за национальной чертой бедности",Таласская область,,,Процент,22.1
2019,Годовая,Национальный,"Доля населения страны, живущего за национальной чертой бедности",Таласская область,,,Процент,13.3
2007,Годовая,Национальный,"Доля населения страны, живущего за национальной чертой бедности",Таласская область,Женщины,,Процент,35.5
2008,Годовая,Национальный,"Доля населения страны, живущего за национальной чертой бедности",Таласская область,Женщины,,Процент,45.4
2009,Годовая,Национальный,"Доля населения страны, живущего за национальной чертой бедности",Таласская область,Женщины,,Процент,35.7
2010,Годовая,Национальный,"Доля населения страны, живущего за национальной чертой бедности",Таласская область,Женщины,,Процент,44.3
2011,Годовая,Национальный,"Доля населения страны, живущего за национальной чертой бедности",Таласская область,Женщины,,Процент,51.4
2012,Годовая,Национальный,"Доля населения страны, живущего за национальной чертой бедности",Таласская область,Женщины,,Процент,42.2
2013,Годовая,Национальный,"Доля населения страны, живущего за национальной чертой бедности",Таласская область,Женщины,,Процент,23.3
2014,Годовая,Национальный,"Доля населения страны, живущего за национальной чертой бедности",Таласская область,Женщины,,Процент,19.7
2015,Годовая,Национальный,"Доля населения страны, живущего за национальной чертой бедности",Таласская область,Женщины,,Процент,22.6
2016,Годовая,Национальный,"Доля населения страны, живущего за национальной чертой бедности",Таласская область,Женщины,,Процент,19.1
2017,Годовая,Национальный,"Доля населения страны, живущего за национальной чертой бедности",Таласская область,Женщины,,Процент,21.4
2018,Годовая,Национальный,"Доля населения страны, живущего за национальной чертой бедности",Таласская область,Женщины,,Процент,23.8
2019,Годовая,Национальный,"Доля населения страны, живущего за национальной чертой бедности",Таласская область,Женщины,,Процент,14.0
2007,Годовая,Национальный,"Доля населения страны, живущего за национальной чертой бедности",Таласская область,Мужчины,,Процент,34.9
2008,Годовая,Национальный,"Доля населения страны, живущего за национальной чертой бедности",Таласская область,Мужчины,,Процент,40.0
2009,Годовая,Национальный,"Доля населения страны, живущего за национальной чертой бедности",Таласская область,Мужчины,,Процент,29.8
2010,Годовая,Национальный,"Доля населения страны, живущего за национальной чертой бедности",Таласская область,Мужчины,,Процент,40.1
2011,Годовая,Национальный,"Доля населения страны, живущего за национальной чертой бедности",Таласская область,Мужчины,,Процент,48.8
2012,Годовая,Национальный,"Доля населения страны, живущего за национальной чертой бедности",Таласская область,Мужчины,,Процент,36.7
2013,Годовая,Национальный,"Доля населения страны, живущего за национальной чертой бедности",Таласская область,Мужчины,,Процент,22.8
2014,Годовая,Национальный,"Доля населения страны, живущего за национальной чертой бедности",Таласская область,Мужчины,,Процент,18.4
2015,Годовая,Национальный,"Доля населения страны, живущего за национальной чертой бедности",Таласская область,Мужчины,,Процент,20.4
2016,Годовая,Национальный,"Доля населения страны, живущего за национальной чертой бедности",Таласская область,Мужчины,,Процент,17.1
2017,Годовая,Национальный,"Доля населения страны, живущего за национальной чертой бедности",Таласская область,Мужчины,,Процент,19.9
2018,Годовая,Национальный,"Доля населения страны, живущего за национальной чертой бедности",Таласская область,Мужчины,,Процент,20.3
2019,Годовая,Национальный,"Доля населения страны, живущего за национальной чертой бедности",Таласская область,Мужчины,,Процент,12.6
2007,Годовая,Национальный,"Доля населения страны, живущего за национальной чертой бедности",Чуйская область,,,Процент,15.0
2008,Годовая,Национальный,"Доля населения страны, живущего за национальной чертой бедности",Чуйская область,,,Процент,15.8
2009,Годовая,Национальный,"Доля населения страны, живущего за национальной чертой бедности",Чуйская область,,,Процент,21.2
2010,Годовая,Национальный,"Доля населения страны, живущего за национальной чертой бедности",Чуйская область,,,Процент,21.9
2011,Годовая,Национальный,"Доля населения страны, живущего за национальной чертой бедности",Чуйская область,,,Процент,28.6
2012,Годовая,Национальный,"Доля населения страны, живущего за национальной чертой бедности",Чуйская область,,,Процент,16.6
2013,Годовая,Национальный,"Доля населения страны, живущего за национальной чертой бедности",Чуйская область,,,Процент,23.6
2014,Годовая,Национальный,"Доля населения страны, живущего за национальной чертой бедности",Чуйская область,,,Процент,21.6
2015,Годовая,Национальный,"Доля населения страны, живущего за национальной чертой бедности",Чуйская область,,,Процент,24.8
2016,Годовая,Национальный,"Доля населения страны, живущего за национальной чертой бедности",Чуйская область,,,Процент,30.3
2017,Годовая,Национальный,"Доля населения страны, живущего за национальной чертой бедности",Чуйская область,,,Процент,33.3
2018,Годовая,Национальный,"Доля населения страны, живущего за национальной чертой бедности",Чуйская область,,,Процент,15.6
2019,Годовая,Национальный,"Доля населения страны, живущего за национальной чертой бедности",Чуйская область,,,Процент,19.1
2007,Годовая,Национальный,"Доля населения страны, живущего за национальной чертой бедности",Чуйская область,Женщины,,Процент,13.3
2008,Годовая,Национальный,"Доля населения страны, живущего за национальной чертой бедности",Чуйская область,Женщины,,Процент,14.9
2009,Годовая,Национальный,"Доля населения страны, живущего за национальной чертой бедности",Чуйская область,Женщины,,Процент,20.6
2010,Годовая,Национальный,"Доля населения страны, живущего за национальной чертой бедности",Чуйская область,Женщины,,Процент,21.8
2011,Годовая,Национальный,"Доля населения страны, живущего за национальной чертой бедности",Чуйская область,Женщины,,Процент,31.6
2012,Годовая,Национальный,"Доля населения страны, живущего за национальной чертой бедности",Чуйская область,Женщины,,Процент,16.3
2013,Годовая,Национальный,"Доля населения страны, живущего за национальной чертой бедности",Чуйская область,Женщины,,Процент,23.5
2014,Годовая,Национальный,"Доля населения страны, живущего за национальной чертой бедности",Чуйская область,Женщины,,Процент,20.8
2015,Годовая,Национальный,"Доля населения страны, живущего за национальной чертой бедности",Чуйская область,Женщины,,Процент,24.2
2016,Годовая,Национальный,"Доля населения страны, живущего за национальной чертой бедности",Чуйская область,Женщины,,Процент,29.8
2017,Годовая,Национальный,"Доля населения страны, живущего за национальной чертой бедности",Чуйская область,Женщины,,Процент,32.3
2018,Годовая,Национальный,"Доля населения страны, живущего за национальной чертой бедности",Чуйская область,Женщины,,Процент,15.5
2019,Годовая,Национальный,"Доля населения страны, живущего за национальной чертой бедности",Чуйская область,Женщины,,Процент,19.1
2007,Годовая,Национальный,"Доля населения страны, живущего за национальной чертой бедности",Чуйская область,Мужчины,,Процент,16.8
2008,Годовая,Национальный,"Доля населения страны, живущего за национальной чертой бедности",Чуйская область,Мужчины,,Процент,16.7
2009,Годовая,Национальный,"Доля населения страны, живущего за национальной чертой бедности",Чуйская область,Мужчины,,Процент,21.9
2010,Годовая,Национальный,"Доля населения страны, живущего за национальной чертой бедности",Чуйская область,Мужчины,,Процент,21.9
2011,Годовая,Национальный,"Доля населения страны, живущего за национальной чертой бедности",Чуйская область,Мужчины,,Процент,25.3
2012,Годовая,Национальный,"Доля населения страны, живущего за национальной чертой бедности",Чуйская область,Мужчины,,Процент,16.8
2013,Годовая,Национальный,"Доля населения страны, живущего за национальной чертой бедности",Чуйская область,Мужчины,,Процент,23.7
2014,Годовая,Национальный,"Доля населения страны, живущего за национальной чертой бедности",Чуйская область,Мужчины,,Процент,22.4
2015,Годовая,Национальный,"Доля населения страны, живущего за национальной чертой бедности",Чуйская область,Мужчины,,Процент,25.4
2016,Годовая,Национальный,"Доля населения страны, живущего за национальной чертой бедности",Чуйская область,Мужчины,,Процент,30.9
2017,Годовая,Национальный,"Доля населения страны, живущего за национальной чертой бедности",Чуйская область,Мужчины,,Процент,34.4
2018,Годовая,Национальный,"Доля населения страны, живущего за национальной чертой бедности",Чуйская область,Мужчины,,Процент,15.7
2019,Годовая,Национальный,"Доля населения страны, живущего за национальной чертой бедности",Чуйская область,Мужчины,,Процент,19.0
2007,Годовая,Национальный,"Доля населения страны, живущего за национальной чертой бедности",г. Бишкек,,,Процент,5.0
2008,Годовая,Национальный,"Доля населения страны, живущего за национальной чертой бедности",г. Бишкек,,,Процент,15.2
2009,Годовая,Национальный,"Доля населения страны, живущего за национальной чертой бедности",г. Бишкек,,,Процент,13.2
2010,Годовая,Национальный,"Доля населения страны, живущего за национальной чертой бедности",г. Бишкек,,,Процент,7.9
2011,Годовая,Национальный,"Доля населения страны, живущего за национальной чертой бедности",г. Бишкек,,,Процент,18.4
2012,Годовая,Национальный,"Доля населения страны, живущего за национальной чертой бедности",г. Бишкек,,,Процент,21.4
2013,Годовая,Национальный,"Доля населения страны, живущего за национальной чертой бедности",г. Бишкек,,,Процент,20.4
2014,Годовая,Национальный,"Доля населения страны, живущего за национальной чертой бедности",г. Бишкек,,,Процент,17.6
2015,Годовая,Национальный,"Доля населения страны, живущего за национальной чертой бедности",г. Бишкек,,,Процент,23.5
2016,Годовая,Национальный,"Доля населения страны, живущего за национальной чертой бедности",г. Бишкек,,,Процент,9.8
2017,Годовая,Национальный,"Доля населения страны, живущего за национальной чертой бедности",г. Бишкек,,,Процент,15.9
2018,Годовая,Национальный,"Доля населения страны, живущего за национальной чертой бедности",г. Бишкек,,,Процент,15.4
2019,Годовая,Национальный,"Доля населения страны, живущего за национальной чертой бедности",г. Бишкек,,,Процент,11.9
2007,Годовая,Национальный,"Доля населения страны, живущего за национальной чертой бедности",г. Бишкек,Женщины,,Процент,5.0
2008,Годовая,Национальный,"Доля населения страны, живущего за национальной чертой бедности",г. Бишкек,Женщины,,Процент,14.6
2009,Годовая,Национальный,"Доля населения страны, живущего за национальной чертой бедности",г. Бишкек,Женщины,,Процент,12.7
2010,Годовая,Национальный,"Доля населения страны, живущего за национальной чертой бедности",г. Бишкек,Женщины,,Процент,7.3
2011,Годовая,Национальный,"Доля населения страны, живущего за национальной чертой бедности",г. Бишкек,Женщины,,Процент,17.1
2012,Годовая,Национальный,"Доля населения страны, живущего за национальной чертой бедности",г. Бишкек,Женщины,,Процент,19.9
2013,Годовая,Национальный,"Доля населения страны, живущего за национальной чертой бедности",г. Бишкек,Женщины,,Процент,18.4
2014,Годовая,Национальный,"Доля населения страны, живущего за национальной чертой бедности",г. Бишкек,Женщины,,Процент,15.8
2015,Годовая,Национальный,"Доля населения страны, живущего за национальной чертой бедности",г. Бишкек,Женщины,,Процент,22.2
2016,Годовая,Национальный,"Доля населения страны, живущего за национальной чертой бедности",г. Бишкек,Женщины,,Процент,8.9
2017,Годовая,Национальный,"Доля населения страны, живущего за национальной чертой бедности",г. Бишкек,Женщины,,Процент,14.3
2018,Годовая,Национальный,"Доля населения страны, живущего за национальной чертой бедности",г. Бишкек,Женщины,,Процент,14.7
2019,Годовая,Национальный,"Доля населения страны, живущего за национальной чертой бедности",г. Бишкек,Женщины,,Процент,10.9
2007,Годовая,Национальный,"Доля населения страны, живущего за национальной чертой бедности",г. Бишкек,Мужчины,,Процент,5.0
2008,Годовая,Национальный,"Доля населения страны, живущего за национальной чертой бедности",г. Бишкек,Мужчины,,Процент,16.0
2009,Годовая,Национальный,"Доля населения страны, живущего за национальной чертой бедности",г. Бишкек,Мужчины,,Процент,14.0
2010,Годовая,Национальный,"Доля населения страны, живущего за национальной чертой бедности",г. Бишкек,Мужчины,,Процент,8.7
2011,Годовая,Национальный,"Доля населения страны, живущего за национальной чертой бедности",г. Бишкек,Мужчины,,Процент,20.0
2012,Годовая,Национальный,"Доля населения страны, живущего за национальной чертой бедности",г. Бишкек,Мужчины,,Процент,23.3
2013,Годовая,Национальный,"Доля населения страны, живущего за национальной чертой бедности",г. Бишкек,Мужчины,,Процент,22.8
2014,Годовая,Национальный,"Доля населения страны, живущего за национальной чертой бедности",г. Бишкек,Мужчины,,Процент,19.9
2015,Годовая,Национальный,"Доля населения страны, живущего за национальной чертой бедности",г. Бишкек,Мужчины,,Процент,25.2
2016,Годовая,Национальный,"Доля населения страны, живущего за национальной чертой бедности",г. Бишкек,Мужчины,,Процент,10.9
2017,Годовая,Национальный,"Доля населения страны, живущего за национальной чертой бедности",г. Бишкек,Мужчины,,Процент,17.9
2018,Годовая,Национальный,"Доля населения страны, живущего за национальной чертой бедности",г. Бишкек,Мужчины,,Процент,16.3
2019,Годовая,Национальный,"Доля населения страны, живущего за национальной чертой бедности",г. Бишкек,Мужчины,,Процент,13.2
2007,Годовая,Национальный,"Доля населения страны, живущего за национальной чертой бедности",г. Ош,,,Процент,0.0
2008,Годовая,Национальный,"Доля населения страны, живущего за национальной чертой бедности",г. Ош,,,Процент,0.0
2009,Годовая,Национальный,"Доля населения страны, живущего за национальной чертой бедности",г. Ош,,,Процент,0.0
2010,Годовая,Национальный,"Доля населения страны, живущего за национальной чертой бедности",г. Ош,,,Процент,0.0
2011,Годовая,Национальный,"Доля населения страны, живущего за национальной чертой бедности",г. Ош,,,Процент,0.0
2012,Годовая,Национальный,"Доля населения страны, живущего за национальной чертой бедности",г. Ош,,,Процент,0.0
2013,Годовая,Национальный,"Доля населения страны, живущего за национальной чертой бедности",г. Ош,,,Процент,40.9
2014,Годовая,Национальный,"Доля населения страны, живущего за национальной чертой бедности",г. Ош,,,Процент,33.4
2015,Годовая,Национальный,"Доля населения страны, живущего за национальной чертой бедности",г. Ош,,,Процент,38.3
2016,Годовая,Национальный,"Доля населения страны, живущего за национальной чертой бедности",г. Ош,,,Процент,24.6
2017,Годовая,Национальный,"Доля населения страны, живущего за национальной чертой бедности",г. Ош,,,Процент,33.5
2018,Годовая,Национальный,"Доля населения страны, живущего за национальной чертой бедности",г. Ош,,,Процент,35.5
2019,Годовая,Национальный,"Доля населения страны, живущего за национальной чертой бедности",г. Ош,,,Процент,20.7
2007,Годовая,Национальный,"Доля населения страны, живущего за национальной чертой бедности",г. Ош,Женщины,,Процент,0.0
2008,Годовая,Национальный,"Доля населения страны, живущего за национальной чертой бедности",г. Ош,Женщины,,Процент,0.0
2009,Годовая,Национальный,"Доля населения страны, живущего за национальной чертой бедности",г. Ош,Женщины,,Процент,0.0
2010,Годовая,Национальный,"Доля населения страны, живущего за национальной чертой бедности",г. Ош,Женщины,,Процент,0.0
2011,Годовая,Национальный,"Доля населения страны, живущего за национальной чертой бедности",г. Ош,Женщины,,Процент,0.0
2012,Годовая,Национальный,"Доля населения страны, живущего за национальной чертой бедности",г. Ош,Женщины,,Процент,0.0
2013,Годовая,Национальный,"Доля населения страны, живущего за национальной чертой бедности",г. Ош,Женщины,,Процент,40.2
2014,Годовая,Национальный,"Доля населения страны, живущего за национальной чертой бедности",г. Ош,Женщины,,Процент,32.0
2015,Годовая,Национальный,"Доля населения страны, живущего за национальной чертой бедности",г. Ош,Женщины,,Процент,35.8
2016,Годовая,Национальный,"Доля населения страны, живущего за национальной чертой бедности",г. Ош,Женщины,,Процент,23.2
2017,Годовая,Национальный,"Доля населения страны, живущего за национальной чертой бедности",г. Ош,Женщины,,Процент,30.9
2018,Годовая,Национальный,"Доля населения страны, живущего за национальной чертой бедности",г. Ош,Женщины,,Процент,33.9
2019,Годовая,Национальный,"Доля населения страны, живущего за национальной чертой бедности",г. Ош,Женщины,,Процент,19.7
2007,Годовая,Национальный,"Доля населения страны, живущего за национальной чертой бедности",г. Ош,Мужчины,,Процент,0.0
2008,Годовая,Национальный,"Доля населения страны, живущего за национальной чертой бедности",г. Ош,Мужчины,,Процент,0.0
2009,Годовая,Национальный,"Доля населения страны, живущего за национальной чертой бедности",г. Ош,Мужчины,,Процент,0.0
2010,Годовая,Национальный,"Доля населения страны, живущего за национальной чертой бедности",г. Ош,Мужчины,,Процент,0.0
2011,Годовая,Национальный,"Доля населения страны, живущего за национальной чертой бедности",г. Ош,Мужчины,,Процент,0.0
2012,Годовая,Национальный,"Доля населения страны, живущего за национальной чертой бедности",г. Ош,Мужчины,,Процент,0.0
2013,Годовая,Национальный,"Доля населения страны, живущего за национальной чертой бедности",г. Ош,Мужчины,,Процент,41.6
2014,Годовая,Национальный,"Доля населения страны, живущего за национальной чертой бедности",г. Ош,Мужчины,,Процент,35.0
2015,Годовая,Национальный,"Доля населения страны, живущего за национальной чертой бедности",г. Ош,Мужчины,,Процент,41.0
2016,Годовая,Национальный,"Доля населения страны, живущего за национальной чертой бедности",г. Ош,Мужчины,,Процент,26.2
2017,Годовая,Национальный,"Доля населения страны, живущего за национальной чертой бедности",г. Ош,Мужчины,,Процент,36.4
2018,Годовая,Национальный,"Доля населения страны, живущего за национальной чертой бедности",г. Ош,Мужчины,,Процент,37.3
2019,Годовая,Национальный,"Доля населения страны, живущего за национальной чертой бедности",г. Ош,Мужчины,,Процент,21.8
